Model,Accuracy,Precision (Macro),Recall (Macro),F1 Score (Macro)
Logistic Regression,0.9012345679012346,0.9361722079766841,0.9142077046152968,0.9201787305063286
Random Forest,0.904320987654321,0.9270004537254217,0.9158386002706934,0.9182303268720394
SVM,0.6589506172839507,0.6938462808318907,0.6578615356322556,0.6542294431616802
XGBoost,0.9243827160493827,0.9497168383307222,0.9472360218594338,0.9478427885736735
